;identifiant;email;nom;genre;nouvelle colonne
0;0;LaurentDagenais@rhyta.com;Laurent Dagenais;M;0
1;1;GuyMarois@fleckens.hu;Guy Marois;M;2
2;2;BeaufortLesage@einrot.com;Beaufort Lesage;M;4
3;3;RussellDurand@armyspy.com;Russell Durand;M;6
4;4;AlexisRiel@rhyta.com;Alexis Riel;M;8
5;5;LeonLapresse@cuvox.de;Leon Lapresse;M;10
6;6;OrvilleRouthier@gustr.com;Orville Routhier;M;12
7;7;AgramantPepin@dayrep.com;Agramant Pepin;M;14
8;8;AiglentinaLambert@fleckens.hu;Aiglentina Lambert;F;16
9;9;TheodoreClavet@teleworm.us;Theodore Clavet;M;18
10;10;ByronLefebvre@jourrapide.com;Byron Lefebvre;M;20
11;11;FlorusDevoe@einrot.com;Florus Devoe;M;22
12;12;NormandArsenault@armyspy.com;Normand Arsenault;M;24
13;13;AcelineHughes@jourrapide.com;Aceline Hughes;F;26
14;14;GastonBrisette@superrito.com;Gaston Brisette;M;28
15;15;AgateGrandbois@gustr.com;Agate Grandbois;F;30
16;16;AgricanFoucault@jourrapide.com;Agrican Foucault;M;32
17;17;PrunellaJosseaume@armyspy.com;Prunella Josseaume;F;34
18;18;YseultCharest@armyspy.com;Yseult Charest;F;36
19;19;DorotheeAupry@cuvox.de;Dorothee Aupry;F;38
20;20;AmauryReault@teleworm.us;Amaury Reault;M;40
21;21;GillesBeauchamps@superrito.com;Gilles Beauchamps;M;42
22;22;FranckDumont@gustr.com;Franck Dumont;M;44
23;23;DelmareLHeureux@dayrep.com;Delmare L Heureux;F;46
24;24;AlphonseCantin@cuvox.de;Alphonse Cantin;M;48
25;25;BlondelleRochon@gustr.com;Blondelle Rochon;F;50
26;26;SavilleBernard@armyspy.com;Saville Bernard;M;52
27;27;AnnetteJolicoeur@armyspy.com;Annette Jolicoeur;F;54
28;28;BradamateMichel@armyspy.com;Bradamate Michel;F;56
29;29;HilaireFrappier@armyspy.com;Hilaire Frappier;F;58
30;30;MarieBriard@gustr.com;Marie Briard;F;60
31;31;MadeleineBatard@superrito.com;Madeleine Batard;F;62
32;32;ArberGarcia@dayrep.com;Arber Garcia;M;64
33;33;SaberViens@superrito.com;Saber Viens;M;66
34;34;ArnaudDubois@rhyta.com;Arnaud Dubois;M;68
35;35;PryorBeauchamp@dayrep.com;Pryor Beauchamp;M;70
36;36;AlphonsePotvin@armyspy.com;Alphonse Potvin;M;72
37;37;FitzLafontaine@dayrep.com;Fitz Lafontaine;M;74
38;38;DelmareLamothe@gustr.com;Delmare Lamothe;F;76
39;39;DaisiBoileau@jourrapide.com;Daisi Boileau;F;78
40;40;SomerPaquette@jourrapide.com;Somer Paquette;M;80
41;41;OlivieCourtemanche@armyspy.com;Olivie Courtemanche;F;82
42;42;GermainHughes@teleworm.us;Germain Hughes;M;84
43;43;MorganaBellemare@superrito.com;Morgana Bellemare;F;86
44;44;MerciMorin@gustr.com;Merci Morin;F;88
45;45;VerneyBedard@dayrep.com;Verney Bedard;M;90
46;46;IgnaceAudibert@armyspy.com;Ignace Audibert;M;92
47;47;FranckBinet@superrito.com;Franck Binet;M;94
48;48;SumnerRocheleau@einrot.com;Sumner Rocheleau;M;96
49;49;AubertPatel@armyspy.com;Aubert Patel;M;98
50;50;SumnerLaprise@superrito.com;Sumner Laprise;M;100
51;51;MadeleineLeveille@dayrep.com;Madeleine Leveille;F;102
52;52;BelisardaGuedry@dayrep.com;Belisarda Guedry;F;104
53;53;ZurieTheberge@gustr.com;Zurie Theberge;F;106
54;54;ErmengardiBousquet@dayrep.com;Ermengardi Bousquet;F;108
55;55;FlorenceBeaudoin@einrot.com;Florence Beaudoin;F;110
56;56;LeoneCrete@armyspy.com;Leone Crete;F;112
57;57;SearlaitCote@superrito.com;Searlait Cote;F;114
58;58;AlphonsineBourassa@cuvox.de;Alphonsine Bourassa;F;116
59;59;DidianeDAubigne@einrot.com;Didiane D Aubigne;F;118
60;60;EdouardLacroix@cuvox.de;Edouard Lacroix;M;120
61;61;OdeletteCharron@superrito.com;Odelette Charron;F;122
62;62;AleronBerard@rhyta.com;Aleron Berard;M;124
63;63;SylvieDuranseau@einrot.com;Sylvie Duranseau;F;126
64;64;YvetteDAvis@cuvox.de;Yvette D Avis;F;128
65;65;SolaineLecuyer@dayrep.com;Solaine Lecuyer;F;130
66;66;CourtlandDavid@cuvox.de;Courtland David;M;132
67;67;PatienceCharbonneau@jourrapide.com;Patience Charbonneau;F;134
68;68;EmmanuelLanctot@cuvox.de;Emmanuel Lanctot;M;136
69;69;MusetteProvencher@armyspy.com;Musette Provencher;F;138
70;70;MorganaMarchesseault@teleworm.us;Morgana Marchesseault;F;140
71;71;ViolletteArnoux@cuvox.de;Viollette Arnoux;F;142
72;72;SlainieGregoire@cuvox.de;Slainie Gregoire;F;144
73;73;GarlandLagueux@rhyta.com;Garland Lagueux;F;146
74;74;FerragusGrimard@cuvox.de;Ferragus Grimard;M;148
75;75;JeanTollmache@einrot.com;Jean Tollmache;M;150
76;76;LanceParent@teleworm.us;Lance Parent;M;152
77;77;CheneyChaloux@cuvox.de;Cheney Chaloux;M;154
78;78;PierpontLamarre@superrito.com;Pierpont Lamarre;M;156
79;79;ComforteQuerry@superrito.com;Comforte Querry;F;158
80;80;NadineMasson@teleworm.us;Nadine Masson;F;160
81;81;FranceLaderoute@jourrapide.com;France Laderoute;F;162
82;82;LothairBonenfant@dayrep.com;Lothair Bonenfant;M;164
83;83;OlivieNorbert@cuvox.de;Olivie Norbert;F;166
84;84;SomerMarleau@cuvox.de;Somer Marleau;M;168
85;85;AstridJolicoeur@superrito.com;Astrid Jolicoeur;F;170
86;86;OlivierGaillard@superrito.com;Olivier Gaillard;M;172
87;87;PhilipPinneau@teleworm.us;Philip Pinneau;M;174
88;88;AlexisLagrange@gustr.com;Alexis Lagrange;M;176
89;89;HeloiseGregoire@dayrep.com;Heloise Gregoire;F;178
90;90;DexterDavid@fleckens.hu;Dexter David;M;180
91;91;JacquesMethot@cuvox.de;Jacques Methot;M;182
92;92;AnceloteDesforges@cuvox.de;Ancelote Desforges;F;184
93;93;JulietteOuellet@rhyta.com;Juliette Ouellet;F;186
94;94;AvrilSylvain@superrito.com;Avril Sylvain;F;188
95;95;RachellePlaisance@armyspy.com;Rachelle Plaisance;F;190
96;96;BenjaminLabrie@fleckens.hu;Benjamin Labrie;M;192
97;97;LaureBondy@superrito.com;Laure Bondy;F;194
98;98;NatalieLeveille@rhyta.com;Natalie Leveille;F;196
99;99;SydneyGuibord@superrito.com;Sydney Guibord;F;198
100;100;ZdenekVadnais@superrito.com;Zdenek Vadnais;M;200
101;101;LoyalQuenneville@superrito.com;Loyal Quenneville;M;202
102;102;ErnestTachel@cuvox.de;Ernest Tachel;M;204
103;103;MatthieuPouchard@teleworm.us;Matthieu Pouchard;M;206
104;104;SearlasArtois@rhyta.com;Searlas Artois;M;208
105;105;ArnoLeBatelier@einrot.com;Arno Le Batelier;M;210
106;106;EstellePoisson@jourrapide.com;Estelle Poisson;F;212
107;107;HarcourtCharpentier@cuvox.de;Harcourt Charpentier;M;214
108;108;CrescentLavallee@armyspy.com;Crescent Lavallee;F;216
109;109;EugeniaVadeboncoeur@cuvox.de;Eugenia Vadeboncoeur;F;218
110;110;GenevreLabrie@cuvox.de;Genevre Labrie;F;220
111;111;NormandCote@dayrep.com;Normand Cote;M;222
112;112;ZoeLeclair@gustr.com;Zoe Leclair;F;224
113;113;PhillipaPerrault@einrot.com;Phillipa Perrault;F;226
114;114;EliseDesrosiers@jourrapide.com;Elise Desrosiers;F;228
115;115;RussellRochon@superrito.com;Russell Rochon;M;230
116;116;BeldaLauzier@armyspy.com;Belda Lauzier;F;232
117;117;AlphonsineSacre@einrot.com;Alphonsine Sacre;F;234
118;118;AubineLabelle@cuvox.de;Aubine Labelle;F;236
119;119;EmileVadnais@rhyta.com;Emile Vadnais;M;238
120;120;ArienneCantin@superrito.com;Arienne Cantin;F;240
121;121;JacquesMarcheterre@einrot.com;Jacques Marcheterre;M;242
122;122;EliotDupuis@gustr.com;Eliot Dupuis;M;244
123;123;ArthurPlante@jourrapide.com;Arthur Plante;M;246
124;124;SacripantLabrie@armyspy.com;Sacripant Labrie;M;248
125;125;SibylaLizotte@cuvox.de;Sibyla Lizotte;F;250
126;126;ChristianLaberge@armyspy.com;Christian Laberge;M;252
127;127;VickDavid@gustr.com;Vick David;M;254
128;128;ComforteCloutier@einrot.com;Comforte Cloutier;F;256
129;129;ClaudeGalarneau@armyspy.com;Claude Galarneau;M;258
130;130;ElisePerrault@superrito.com;Elise Perrault;F;260
131;131;LoringRocheleau@cuvox.de;Loring Rocheleau;M;262
132;132;MathildeSansouci@superrito.com;Mathilde Sansouci;F;264
133;133;AmaurySirois@superrito.com;Amaury Sirois;M;266
134;134;ChristelleLandry@jourrapide.com;Christelle Landry;F;268
135;135;AdelaideBrousse@gustr.com;Adelaide Brousse;F;270
136;136;BriceFaure@einrot.com;Brice Faure;M;272
137;137;AlaineHervieux@rhyta.com;Alaine Hervieux;F;274
138;138;LanceCroteau@einrot.com;Lance Croteau;M;276
139;139;AurelieBazinet@dayrep.com;Aurelie Bazinet;F;278
140;140;AstolphoVeronneau@teleworm.us;Astolpho Veronneau;M;280
141;141;JolieDeblois@armyspy.com;Jolie Deblois;F;282
142;142;MireilleParenteau@superrito.com;Mireille Parenteau;F;284
143;143;ToussaintBrodeur@rhyta.com;Toussaint Brodeur;M;286
144;144;PorterSimard@armyspy.com;Porter Simard;M;288
145;145;JeromedeLaunay@fleckens.hu;Jeromede Launay;M;290
146;146;LowellPatel@rhyta.com;Lowell Patel;M;292
147;147;GarlandMarcheterre@fleckens.hu;Garland Marcheterre;F;294
148;148;OlivierAube@armyspy.com;Olivier Aube;M;296
149;149;FrontinoBrian@einrot.com;Frontino Brian;M;298
150;150;RochMireault@gustr.com;Roch Mireault;M;300
151;151;NathalieCormier@cuvox.de;Nathalie Cormier;F;302
152;152;VallisMainville@gustr.com;Vallis Mainville;M;304
153;153;DanielleNeufville@teleworm.us;Danielle Neufville;F;306
154;154;AllyrianeRacine@gustr.com;Allyriane Racine;F;308
155;155;PierpontFlamand@fleckens.hu;Pierpont Flamand;M;310
156;156;DanielHuot@rhyta.com;Daniel Huot;M;312
157;157;HughPoisson@fleckens.hu;Hugh Poisson;M;314
158;158;YoletteMoreau@dayrep.com;Yolette Moreau;F;316
159;159;GasparReault@dayrep.com;Gaspar Reault;M;318
160;160;DelitBisaillon@teleworm.us;Delit Bisaillon;F;320
161;161;ManonDastous@armyspy.com;Manon Dastous;F;322
162;162;LoyalFouquet@armyspy.com;Loyal Fouquet;M;324
163;163;ApollineLaframboise@teleworm.us;Apolline Laframboise;F;326
164;164;OrielMiron@jourrapide.com;Oriel Miron;F;328
165;165;LianeLaGarde@cuvox.de;Liane La Garde;F;330
166;166;AnastasieCroteau@rhyta.com;Anastasie Croteau;F;332
167;167;VerneyCourse@armyspy.com;Verney Course;M;334
168;168;VoletaAdler@armyspy.com;Voleta Adler;F;336
169;169;PlattParent@jourrapide.com;Platt Parent;M;338
170;170;BlondelleAilleboust@gustr.com;Blondelle Ailleboust;F;340
171;171;AurelieDesnoyer@armyspy.com;Aurelie Desnoyer;F;342
172;172;AvelaineGadbois@dayrep.com;Avelaine Gadbois;F;344
173;173;BriceGrondin@fleckens.hu;Brice Grondin;M;346
174;174;ZacharieDuplessis@rhyta.com;Zacharie Duplessis;M;348
175;175;OgierGervais@gustr.com;Ogier Gervais;M;350
176;176;FusbertaRancourt@rhyta.com;Fusberta Rancourt;F;352
177;177;CamilleLaurent@superrito.com;Camille Laurent;F;354
178;178;CeriseMontminy@dayrep.com;Cerise Montminy;F;356
179;179;JosetteRiquier@armyspy.com;Josette Riquier;F;358
180;180;AgnesBriard@cuvox.de;Agnes Briard;F;360
181;181;AvrilRocheleau@fleckens.hu;Avril Rocheleau;F;362
182;182;BenoitGauvin@teleworm.us;Benoit Gauvin;M;364
183;183;HeloiseMarcil@fleckens.hu;Heloise Marcil;F;366
184;184;RolandDupont@einrot.com;Roland Dupont;M;368
185;185;SolaineLabrecque@fleckens.hu;Solaine Labrecque;F;370
186;186;JulieBeauchemin@teleworm.us;Julie Beauchemin;F;372
187;187;KarelDandonneau@dayrep.com;Karel Dandonneau;M;374
188;188;PaienBeauchesne@rhyta.com;Paien Beauchesne;M;376
189;189;AdeleClavette@cuvox.de;Adele Clavette;F;378
190;190;LotyeJodion@fleckens.hu;Lotye Jodion;F;380
191;191;AmaranteLacroix@fleckens.hu;Amarante Lacroix;F;382
192;192;XarlesCaisse@jourrapide.com;Xarles Caisse;M;384
193;193;LealaLemelin@dayrep.com;Leala Lemelin;F;386
194;194;ChantalLamoureux@jourrapide.com;Chantal Lamoureux;F;388
195;195;NinetteAdler@superrito.com;Ninette Adler;F;390
196;196;EmmanuelleLabrie@einrot.com;Emmanuelle Labrie;F;392
197;197;HuonDeLaRonde@rhyta.com;Huon De La Ronde;M;394
198;198;SimoneSt-Pierre@jourrapide.com;Simone St- Pierre;F;396
199;199;PeverellMazuret@dayrep.com;Peverell Mazuret;M;398
200;200;LorrainePaulet@einrot.com;Lorraine Paulet;F;400
201;201;DemiLazure@cuvox.de;Demi Lazure;F;402
202;202;AgramantGrandpre@rhyta.com;Agramant Grandpre;M;404
203;203;ClothildeBerie@teleworm.us;Clothilde Berie;F;406
204;204;AimeMarseau@dayrep.com;Aime Marseau;M;408
205;205;RogerDeLaRonde@gustr.com;Roger De La Ronde;M;410
206;206;AiglentinaMarcheterre@superrito.com;Aiglentina Marcheterre;F;412
207;207;NoemiLaisne@rhyta.com;Noemi Laisne;F;414
208;208;DenisPatenaude@einrot.com;Denis Patenaude;M;416
209;209;JulienBeriault@rhyta.com;Julien Beriault;M;418
210;210;MartheQuerry@einrot.com;Marthe Querry;F;420
211;211;ParfaitBedard@armyspy.com;Parfait Bedard;M;422
212;212;MandelBarteaux@gustr.com;Mandel Barteaux;M;424
213;213;PauletteLemaitre@fleckens.hu;Paulette Lemaitre;F;426
214;214;YoletteLanoie@dayrep.com;Yolette Lanoie;F;428
215;215;LucilleBaron@superrito.com;Lucille Baron;F;430
216;216;ChappellSarrazin@rhyta.com;Chappell Sarrazin;M;432
217;217;GanoHetu@fleckens.hu;Gano Hetu;M;434
218;218;MinetteRoy@fleckens.hu;Minette Roy;F;436
219;219;RoslynChalifour@cuvox.de;Roslyn Chalifour;M;438
220;220;KarelBazinet@einrot.com;Karel Bazinet;M;440
221;221;JosetteBordeleau@einrot.com;Josette Bordeleau;F;442
222;222;LangleyCaron@armyspy.com;Langley Caron;M;444
223;223;ClaudeDandonneau@jourrapide.com;Claude Dandonneau;F;446
224;224;ApollineMichaud@superrito.com;Apolline Michaud;F;448
225;225;PascalineBeaudry@rhyta.com;Pascaline Beaudry;F;450
226;226;FleurCaouette@jourrapide.com;Fleur Caouette;F;452
227;227;FrancisMasse@jourrapide.com;Francis Masse;M;454
